keshav	a665a45920422f9d417e4867efdc4fb8a04a1f3fff1fa07e998e86f7f7a27ae3
arnav	114bd151f8fb0c58642d2170da4ae7d7c57977260ac2cc8905306cab6b2acabc
arn	5c866ce4dc0a3cb668ecaf8eb8b74e2754a3fa16297015311bed3400c32ae0dc
ks	db8bf4fc23a3579eae9648983522c1c07585be00bb9767172ff1ef189ba42c02
ji	75f78570f376df2b780458dffc27abe27a4eb8015e48f9d174af97b15dd9c8a3
hi	bb08b9e52f8841ffa6e32532b58e5873f543d7de7351817edc4a03729c7f9b23
djhf	2e554a26a8923aa266d4c9e80e934dadd90c4079812192db791db67b0b0b9f02
sjsjd	478f732ebcdadd142e9791922ede1be1933c4bb6f75315dcafee12e668e98a87
k	6b51d431df5d7f141cbececcf79edf3dd861c3b4069f0b11661a3eefacbba918
a	535fa30d7e25dd8a49f1536779734ec8286108d115da5045d77f3b4185d8f790
